timestamp,ch1,ch2,ch3,ch4,HR
1769167708,434.0,239792.0,81245.0,0
1769167708,434.0,239827.0,81224.0,0
1769167708,435.0,239763.0,81248.0,0
1769167708,436.0,239647.0,81193.0,0
1769167708,435.0,239584.0,81247.0,0
1769167708,435.0,239571.0,81199.0,0
1769167708,435.0,239476.0,81195.0,0
1769167708,435.0,239542.0,81197.0,0
1769167708,435.0,239404.0,81174.0,0
1769167708,435.0,239466.0,81175.0,0
1769167708,435.0,239354.0,81187.0,0
1769167708,435.0,239326.0,81192.0,0
1769167708,435.0,239354.0,81182.0,0
1769167708,435.0,239275.0,81141.0,0
1769167708,435.0,239283.0,81182.0,0
1769167708,435.0,239240.0,81133.0,0
1769167708,435.0,239209.0,81153.0,0
1769167708,435.0,239214.0,81147.0,0
1769167709,435.0,239285.0,81151.0,0
1769167709,435.0,239163.0,81165.0,0
1769167709,434.0,239218.0,81143.0,0
1769167709,434.0,239194.0,81148.0,0
1769167709,435.0,239223.0,81131.0,0
1769167709,435.0,239196.0,81131.0,0
1769167709,435.0,239136.0,81143.0,0
1769167709,436.0,239205.0,81153.0,0
1769167709,435.0,239151.0,81144.0,0
1769167709,435.0,239117.0,81130.0,0
1769167709,435.0,239184.0,81159.0,0
1769167709,435.0,239164.0,81145.0,0
1769167709,436.0,239238.0,81140.0,0
1769167709,435.0,239187.0,81135.0,0
1769167709,435.0,239159.0,81164.0,0
1769167709,435.0,239372.0,81157.0,0
1769167709,436.0,239262.0,81145.0,0
1769167709,434.0,239211.0,81140.0,0
1769167709,434.0,239236.0,81163.0,0
1769167709,433.0,239274.0,81136.0,0
1769167709,434.0,239311.0,81170.0,0
1769167709,435.0,239310.0,81145.0,0
1769167709,433.0,239324.0,81159.0,0
1769167709,434.0,239400.0,81145.0,0
1769167709,434.0,239305.0,81166.0,0
1769167709,435.0,239356.0,81169.0,0
1769167709,434.0,239482.0,81184.0,0
1769167709,433.0,239429.0,81175.0,0
1769167709,435.0,239436.0,81158.0,0
1769167709,433.0,239424.0,81162.0,0
1769167709,434.0,239510.0,81195.0,0
1769167709,434.0,239487.0,81156.0,0
1769167709,434.0,239575.0,81181.0,0
1769167709,434.0,239500.0,81167.0,0
1769167709,434.0,239465.0,81135.0,0
1769167709,433.0,239372.0,81146.0,0
1769167709,435.0,0.0,81130.0,0
1769167709,435.0,0.0,81119.0,0
1769167709,434.0,0.0,81110.0,0
1769167709,434.0,0.0,81107.0,0
1769167709,433.0,0.0,81109.0,0
1769167709,433.0,0.0,81099.0,0
1769167709,433.0,239118.0,81101.0,0
1769167709,434.0,239053.0,81111.0,0
1769167709,434.0,239114.0,81099.0,0
1769167709,434.0,239057.0,81111.0,0
1769167709,435.0,239031.0,81084.0,0
1769167709,434.0,239009.0,81054.0,0
1769167709,432.0,239031.0,81066.0,0
1769167709,434.0,238981.0,81092.0,0
1769167709,433.0,238843.0,81058.0,0
1769167709,432.0,238984.0,81077.0,0
1769167709,434.0,238958.0,81100.0,0
1769167709,433.0,238969.0,81103.0,0
1769167709,433.0,238918.0,81071.0,0
1769167709,434.0,238918.0,81055.0,0
1769167709,433.0,238975.0,81084.0,0
1769167709,434.0,238976.0,81048.0,0
1769167709,434.0,238918.0,81048.0,0
1769167709,434.0,238968.0,81070.0,0
1769167709,435.0,238924.0,81087.0,0
1769167709,434.0,238961.0,81053.0,0
1769167709,435.0,238912.0,81070.0,0
1769167710,434.0,239042.0,81079.0,0
1769167710,434.0,238884.0,81062.0,0
1769167710,434.0,239023.0,81060.0,0
1769167710,435.0,238992.0,81078.0,0
1769167710,434.0,238986.0,81073.0,0
1769167710,435.0,238920.0,81057.0,0
1769167710,435.0,239040.0,81070.0,0
1769167710,435.0,238961.0,81061.0,0
1769167710,434.0,239112.0,81077.0,0
1769167710,434.0,239000.0,81075.0,0
1769167710,435.0,239022.0,81063.0,0
1769167710,436.0,239097.0,81084.0,0
1769167710,434.0,239038.0,81077.0,0
1769167710,436.0,239088.0,81080.0,0
1769167710,435.0,239088.0,81079.0,0
1769167710,434.0,239118.0,81074.0,0
1769167710,435.0,239040.0,81065.0,0
1769167710,434.0,239061.0,81070.0,0
1769167710,435.0,239004.0,81034.0,0
1769167710,436.0,238893.0,81044.0,0
1769167710,435.0,238910.0,81017.0,0
1769167710,435.0,238882.0,81030.0,0
1769167710,435.0,238871.0,81015.0,0
1769167710,435.0,238792.0,81002.0,0
1769167710,435.0,238699.0,81005.0,0
1769167710,434.0,238701.0,81014.0,0
1769167710,435.0,238574.0,80989.0,0
1769167710,435.0,238610.0,81005.0,0
1769167710,436.0,238662.0,80978.0,0
1769167710,435.0,238562.0,81020.0,0
1769167710,435.0,238584.0,80979.0,0
1769167710,437.0,238549.0,80970.0,0
1769167710,436.0,238533.0,80984.0,0
1769167710,0.0,238513.0,81014.0,0
1769167710,0.0,238547.0,80979.0,0
1769167710,0.0,238467.0,81012.0,0
1769167710,0.0,238534.0,80983.0,0
1769167710,0.0,238478.0,80978.0,0
1769167710,0.0,238466.0,80976.0,0
1769167710,436.0,238503.0,80974.0,0
1769167710,436.0,238406.0,80980.0,0
1769167710,435.0,238461.0,80995.0,0
1769167710,435.0,238533.0,80957.0,0
1769167710,437.0,238483.0,80975.0,0
1769167710,435.0,238487.0,80970.0,0
1769167710,0.0,0.0,80935.0,0
1769167710,0.0,0.0,80972.0,0
1769167710,0.0,0.0,80972.0,0
1769167710,0.0,0.0,80952.0,0
1769167710,0.0,0.0,80994.0,0
1769167710,0.0,0.0,81001.0,0
1769167710,434.0,238534.0,80964.0,0
1769167710,435.0,238499.0,80980.0,0
1769167710,435.0,238593.0,80952.0,0
1769167710,434.0,238552.0,80999.0,0
1769167710,436.0,238580.0,80986.0,0
1769167710,436.0,238669.0,80961.0,0
1769167710,436.0,0.0,80994.0,0
1769167710,436.0,0.0,80984.0,0
1769167710,436.0,0.0,80987.0,0
1769167710,436.0,0.0,80980.0,0
1769167710,435.0,0.0,80984.0,0
1769167710,436.0,0.0,80987.0,0
1769167710,0.0,238636.0,80969.0,0
1769167711,0.0,238661.0,80954.0,0
1769167711,0.0,238671.0,80929.0,0
1769167711,0.0,238775.0,80935.0,0
1769167711,0.0,238672.0,80890.0,0
1769167711,0.0,238673.0,80929.0,0
1769167711,435.0,238299.0,80905.0,0
1769167711,436.0,238304.0,80921.0,0
1769167711,435.0,238253.0,80915.0,0
1769167711,436.0,238218.0,80901.0,0
1769167711,435.0,238138.0,80877.0,0
1769167711,436.0,238153.0,80872.0,0
1769167711,433.0,238132.0,80884.0,0
1769167711,436.0,238109.0,80881.0,0
1769167711,435.0,238062.0,80875.0,0
1769167711,436.0,238114.0,80876.0,0
1769167711,436.0,238053.0,80897.0,0
1769167711,435.0,237997.0,80889.0,0
1769167711,436.0,238027.0,80879.0,0
1769167711,435.0,237939.0,80872.0,0
1769167711,435.0,238008.0,80879.0,0
1769167711,435.0,237947.0,80888.0,0
1769167711,435.0,237916.0,80870.0,0
1769167711,436.0,237932.0,80860.0,0
1769167711,436.0,237987.0,80859.0,0
1769167711,436.0,237886.0,80834.0,0
1769167711,435.0,237907.0,80874.0,0
1769167711,436.0,237929.0,80837.0,0
1769167711,435.0,237943.0,80868.0,0
1769167711,435.0,237961.0,80860.0,0
1769167711,436.0,0.0,80869.0,0
1769167711,436.0,0.0,80868.0,0
1769167711,435.0,0.0,80872.0,0
1769167711,435.0,0.0,80886.0,0
1769167711,435.0,0.0,80874.0,0
1769167711,435.0,0.0,80849.0,0
1769167711,0.0,238072.0,80884.0,0
1769167711,0.0,238035.0,80879.0,0
1769167711,0.0,238045.0,80877.0,0
1769167711,0.0,238082.0,80888.0,0
1769167711,0.0,238201.0,80861.0,0
1769167711,0.0,238167.0,80879.0,0
1769167711,435.0,238187.0,80868.0,0
1769167711,435.0,238132.0,80896.0,0
1769167711,435.0,238180.0,80908.0,0
1769167711,436.0,238219.0,80885.0,0
1769167711,435.0,238192.0,80903.0,0
1769167711,437.0,238294.0,80892.0,0
1769167711,436.0,238181.0,80920.0,0
1769167711,435.0,238203.0,80881.0,0
1769167711,435.0,238095.0,80861.0,0
1769167711,435.0,238117.0,80839.0,0
1769167711,434.0,238002.0,80823.0,0
1769167711,435.0,237903.0,80843.0,0
1769167711,435.0,237881.0,80824.0,0
1769167711,435.0,237843.0,80838.0,0
1769167711,435.0,237912.0,80831.0,0
1769167711,435.0,237849.0,80816.0,0
1769167711,435.0,237792.0,80817.0,0
1769167711,435.0,237702.0,80824.0,0
1769167711,435.0,0.0,80799.0,0
1769167711,434.0,0.0,80802.0,0
1769167711,434.0,0.0,80802.0,0
1769167711,435.0,0.0,80793.0,0
1769167711,435.0,0.0,80797.0,0
1769167711,434.0,0.0,80835.0,0
1769167712,435.0,237749.0,80818.0,0
1769167712,434.0,237694.0,80795.0,0
1769167712,435.0,237646.0,80809.0,0
1769167712,435.0,237670.0,80790.0,0
1769167712,434.0,237673.0,80805.0,0
1769167712,434.0,237616.0,80789.0,0
1769167712,434.0,237565.0,80810.0,0
1769167712,433.0,237629.0,80802.0,0
1769167712,433.0,237529.0,80813.0,0
1769167712,434.0,237622.0,80815.0,0
1769167712,434.0,237699.0,80799.0,0
1769167712,434.0,237649.0,80818.0,0
1769167712,433.0,237663.0,80800.0,0
1769167712,434.0,237669.0,80801.0,0
1769167712,435.0,237676.0,80790.0,0
1769167712,433.0,237785.0,80780.0,0
1769167712,433.0,237770.0,80807.0,0
1769167712,434.0,237696.0,80834.0,0
1769167712,434.0,237778.0,80817.0,0
1769167712,434.0,237813.0,80818.0,0
1769167712,434.0,237796.0,80853.0,0
1769167712,434.0,237856.0,80830.0,0
1769167712,434.0,237785.0,80828.0,0
1769167712,434.0,237869.0,80822.0,0
1769167712,435.0,237911.0,80867.0,0
1769167712,433.0,237911.0,80829.0,0
1769167712,434.0,238034.0,80823.0,0
1769167712,434.0,238068.0,80860.0,0
1769167712,433.0,237976.0,80851.0,0
1769167712,433.0,238141.0,80831.0,0
1769167712,0.0,0.0,80856.0,0
1769167712,0.0,0.0,80861.0,0
1769167712,0.0,0.0,80899.0,0
1769167712,0.0,0.0,80873.0,0
1769167712,0.0,0.0,80877.0,0
1769167712,0.0,0.0,80866.0,0
1769167712,433.0,238058.0,80854.0,0
1769167712,433.0,238148.0,80870.0,0
1769167712,433.0,238218.0,80820.0,0
1769167712,434.0,238160.0,80824.0,0
1769167712,434.0,238153.0,80801.0,0
1769167712,434.0,238207.0,80824.0,0
1769167712,434.0,237932.0,80812.0,0
1769167712,433.0,237945.0,80826.0,0
1769167712,433.0,237839.0,80811.0,0
1769167712,434.0,237818.0,80809.0,0
1769167712,434.0,237856.0,80777.0,0
1769167712,434.0,237745.0,80786.0,0
1769167712,434.0,0.0,80792.0,0
1769167712,433.0,0.0,80811.0,0
1769167712,434.0,0.0,80814.0,0
1769167712,432.0,0.0,80794.0,0
1769167712,433.0,0.0,80774.0,0
1769167712,432.0,0.0,80813.0,0
1769167712,0.0,237775.0,80787.0,0
1769167712,0.0,237681.0,80796.0,0
1769167712,0.0,237718.0,80802.0,0
1769167712,0.0,237707.0,80827.0,0
1769167712,0.0,237696.0,80798.0,0
1769167712,0.0,237667.0,80794.0,0
1769167712,433.0,237727.0,80813.0,0
1769167712,434.0,237675.0,80802.0,0
1769167712,433.0,237726.0,80795.0,0
1769167712,433.0,237789.0,80799.0,0
1769167713,434.0,237804.0,80810.0,0
1769167713,433.0,237723.0,80818.0,0
1769167713,434.0,237775.0,80809.0,0
1769167713,433.0,237826.0,80809.0,0
1769167713,433.0,237796.0,80793.0,0
1769167713,434.0,237868.0,80803.0,0
1769167713,433.0,237801.0,80822.0,0
1769167713,435.0,237865.0,80830.0,0
1769167713,433.0,237895.0,80831.0,0
1769167713,432.0,237824.0,80806.0,0
1769167713,433.0,237898.0,80847.0,0
1769167713,432.0,237930.0,80847.0,0
1769167713,433.0,237855.0,80813.0,0
1769167713,434.0,237993.0,80830.0,0
1769167713,0.0,237982.0,80816.0,0
1769167713,0.0,238033.0,80845.0,0
1769167713,0.0,237988.0,80849.0,0
1769167713,0.0,238122.0,80869.0,0
1769167713,0.0,238079.0,80852.0,0
1769167713,0.0,238094.0,80859.0,0
1769167713,433.0,238216.0,80866.0,0
1769167713,435.0,238225.0,80851.0,0
1769167713,433.0,238137.0,80829.0,0
1769167713,434.0,238118.0,80815.0,0
1769167713,434.0,238116.0,80804.0,0
1769167713,433.0,238035.0,80809.0,0
1769167713,434.0,237965.0,80840.0,0
1769167713,434.0,237950.0,80829.0,0
1769167713,433.0,237863.0,80812.0,0
1769167713,434.0,237953.0,80801.0,0
1769167713,433.0,237730.0,80796.0,0
1769167713,433.0,237852.0,80788.0,0
1769167713,434.0,237921.0,80799.0,0
1769167713,434.0,237847.0,80785.0,0
1769167713,434.0,237684.0,80812.0,0
1769167713,433.0,237733.0,80783.0,0
1769167713,434.0,237786.0,80812.0,0
1769167713,434.0,237738.0,80803.0,0
1769167713,434.0,237716.0,80788.0,0
1769167713,431.0,237748.0,80802.0,0
1769167713,434.0,237794.0,80785.0,0
1769167713,433.0,237784.0,80776.0,0
1769167713,434.0,237733.0,80789.0,0
1769167713,433.0,237721.0,80773.0,0
1769167713,0.0,237773.0,80791.0,0
1769167713,0.0,237775.0,80807.0,0
1769167713,0.0,237701.0,80785.0,0
1769167713,0.0,237752.0,80793.0,0
1769167713,0.0,237805.0,80801.0,0
1769167713,0.0,237716.0,80782.0,0
1769167713,434.0,237754.0,80822.0,0
1769167713,434.0,237745.0,80797.0,0
1769167713,434.0,237755.0,80798.0,0
1769167713,434.0,237780.0,80794.0,0
1769167713,434.0,237769.0,80786.0,0
1769167713,434.0,237858.0,80777.0,0
1769167713,435.0,237832.0,80804.0,0
1769167714,435.0,237880.0,80812.0,0
1769167714,434.0,237899.0,80792.0,0
1769167714,434.0,237961.0,80795.0,0
1769167714,435.0,237930.0,80800.0,0
1769167714,435.0,238025.0,80784.0,0
1769167714,432.0,237984.0,80782.0,0
1769167714,435.0,237989.0,80790.0,0
1769167714,435.0,238075.0,80807.0,0
1769167714,435.0,238027.0,80823.0,0
1769167714,434.0,238057.0,80803.0,0
1769167714,433.0,238131.0,80793.0,0
1769167714,435.0,0.0,80774.0,0
1769167714,435.0,0.0,80779.0,0
1769167714,434.0,0.0,80764.0,0
1769167714,434.0,0.0,80760.0,0
1769167714,434.0,0.0,80751.0,0
1769167714,433.0,0.0,80745.0,0
1769167714,433.0,237818.0,80729.0,0
1769167714,435.0,237752.0,80742.0,0
1769167714,434.0,237644.0,80722.0,0
1769167714,434.0,237713.0,80713.0,0
1769167714,434.0,237667.0,80718.0,0
1769167715,434.0,237695.0,80718.0,0
1769167715,0.0,237696.0,80708.0,0
1769167715,0.0,237658.0,80707.0,0
1769167715,0.0,237612.0,80696.0,0
1769167715,0.0,237564.0,80708.0,0
1769167715,0.0,237601.0,80701.0,0
1769167715,0.0,237540.0,80685.0,0
1769167715,433.0,237741.0,80707.0,0
1769167715,433.0,237782.0,80693.0,0
1769167715,433.0,237620.0,80669.0,0
1769167715,434.0,237617.0,80674.0,0
1769167715,434.0,237600.0,80666.0,0
1769167715,434.0,237470.0,80668.0,0
1769167715,0.0,237491.0,80686.0,0
1769167715,0.0,237404.0,80671.0,0
1769167715,0.0,237381.0,80672.0,0
1769167715,0.0,237427.0,80684.0,0
1769167715,0.0,237339.0,80682.0,0
1769167715,0.0,237236.0,80660.0,0
1769167715,0.0,0.0,80661.0,0
1769167715,0.0,0.0,80669.0,0
1769167715,0.0,0.0,80668.0,0
1769167715,0.0,0.0,80659.0,0
1769167715,0.0,0.0,80668.0,0
1769167715,0.0,0.0,80667.0,0
1769167715,0.0,0.0,80660.0,0
1769167715,0.0,0.0,80680.0,0
1769167715,0.0,0.0,80652.0,0
1769167715,0.0,0.0,80684.0,0
1769167715,0.0,0.0,80681.0,0
1769167715,0.0,0.0,80680.0,0
1769167715,0.0,0.0,80680.0,0
1769167715,0.0,0.0,80697.0,0
1769167715,0.0,0.0,80686.0,0
1769167715,0.0,0.0,80696.0,0
1769167715,0.0,0.0,80680.0,0
1769167715,0.0,0.0,80668.0,0
1769167715,0.0,0.0,80690.0,0
1769167715,0.0,0.0,80645.0,0
1769167715,0.0,0.0,80675.0,0
1769167715,0.0,0.0,80616.0,0
1769167715,0.0,0.0,80647.0,0
1769167715,0.0,0.0,80635.0,0
1769167715,0.0,0.0,80648.0,0
1769167715,0.0,0.0,80628.0,0
1769167715,0.0,0.0,80633.0,0
1769167715,0.0,0.0,80609.0,0
1769167715,0.0,0.0,80596.0,0
1769167715,0.0,0.0,80623.0,0
1769167715,0.0,0.0,80600.0,0
1769167715,0.0,0.0,80597.0,0
1769167715,0.0,0.0,80594.0,0
1769167715,0.0,0.0,80620.0,0
1769167715,0.0,0.0,80598.0,0
1769167715,0.0,0.0,80620.0,0
1769167715,433.0,237202.0,80581.0,0
1769167715,432.0,237231.0,80581.0,0
1769167715,432.0,237157.0,80617.0,0
1769167715,434.0,237186.0,80585.0,0
1769167715,433.0,237119.0,80589.0,0
1769167715,433.0,237206.0,80572.0,0
1769167715,433.0,237117.0,80615.0,0
1769167715,431.0,237072.0,80592.0,0
1769167715,432.0,237107.0,80581.0,0
1769167715,432.0,237137.0,80584.0,0
1769167716,432.0,237074.0,80601.0,0
1769167716,433.0,237125.0,80599.0,0
1769167716,431.0,237105.0,80588.0,0
1769167716,431.0,237105.0,80597.0,0
1769167716,432.0,237149.0,80590.0,0
1769167716,431.0,237191.0,80588.0,0
1769167716,432.0,237137.0,80594.0,0
1769167716,433.0,237187.0,80573.0,0
1769167716,432.0,237188.0,80625.0,0
1769167716,432.0,237181.0,80606.0,0
1769167716,433.0,237230.0,80600.0,0
1769167716,432.0,237270.0,80621.0,0
1769167716,432.0,237283.0,80579.0,0
1769167716,433.0,237298.0,80595.0,0
1769167716,433.0,237365.0,80627.0,0
1769167716,433.0,237383.0,80622.0,0
1769167716,432.0,237366.0,80606.0,0
1769167716,433.0,237318.0,80643.0,0
1769167716,433.0,237335.0,80628.0,0
1769167716,433.0,237345.0,80616.0,0
1769167716,433.0,237369.0,80649.0,0
1769167716,432.0,237410.0,80624.0,0
1769167716,432.0,237351.0,80592.0,0
1769167716,432.0,237312.0,80580.0,0
1769167716,433.0,237226.0,80588.0,0
1769167716,433.0,237182.0,80574.0,0
1769167716,432.0,237158.0,80540.0,0
1769167716,434.0,237121.0,80574.0,0
1769167716,433.0,237033.0,80542.0,0
1769167716,432.0,237018.0,80561.0,0
1769167716,433.0,237060.0,80547.0,0
1769167716,433.0,236946.0,80539.0,0
1769167716,0.0,0.0,80552.0,0
1769167716,0.0,0.0,80535.0,0
1769167716,0.0,0.0,80530.0,0
1769167716,0.0,0.0,80542.0,0
1769167716,0.0,0.0,80555.0,0
1769167716,0.0,0.0,80543.0,0
1769167716,432.0,236854.0,80536.0,0
1769167716,433.0,236865.0,80532.0,0
1769167716,433.0,236890.0,80524.0,0
1769167716,432.0,236758.0,80540.0,0
1769167716,433.0,236823.0,80536.0,0
1769167716,432.0,236839.0,80523.0,0
1769167716,433.0,236804.0,80526.0,0
1769167716,432.0,236812.0,80529.0,0
1769167716,432.0,236826.0,80539.0,0
1769167716,432.0,236823.0,80512.0,0
1769167716,433.0,236841.0,80542.0,0
1769167716,433.0,236810.0,80524.0,0
1769167716,431.0,236837.0,80531.0,0
1769167716,433.0,236841.0,80558.0,0
1769167716,434.0,236883.0,80524.0,0
1769167716,432.0,236890.0,80552.0,0
1769167716,433.0,236836.0,80545.0,0
1769167716,433.0,236937.0,80546.0,0
1769167716,433.0,236917.0,80546.0,0
1769167716,433.0,236916.0,80539.0,0
1769167716,433.0,236908.0,80551.0,0
1769167716,433.0,236999.0,80573.0,0
1769167716,432.0,236992.0,80554.0,0
1769167716,433.0,237021.0,80570.0,0
1769167716,433.0,236998.0,80564.0,0
1769167716,433.0,237109.0,80565.0,0
1769167716,434.0,237048.0,80561.0,0
1769167717,433.0,237075.0,80576.0,0
1769167717,432.0,237126.0,80575.0,0
1769167717,433.0,237133.0,80558.0,0
1769167717,434.0,0.0,80549.0,0
1769167717,433.0,0.0,80580.0,0
1769167717,433.0,0.0,80555.0,0
1769167717,433.0,0.0,80545.0,0
1769167717,433.0,0.0,80515.0,0
1769167717,433.0,0.0,80509.0,0
1769167717,432.0,237216.0,80513.0,0
1769167717,433.0,237142.0,80547.0,0
1769167717,433.0,237039.0,80523.0,0
1769167717,433.0,237057.0,80500.0,0
1769167717,433.0,237010.0,80496.0,0
1769167717,434.0,236874.0,80511.0,0
1769167717,435.0,236884.0,80537.0,0
1769167717,433.0,236805.0,80498.0,0
1769167717,433.0,236867.0,80486.0,0
1769167717,434.0,236773.0,80493.0,0
1769167717,433.0,236843.0,80498.0,0
1769167717,433.0,236696.0,80520.0,0
1769167717,433.0,236693.0,80504.0,0
1769167717,434.0,236676.0,80479.0,0
1769167717,432.0,236694.0,80487.0,0
1769167717,432.0,236608.0,80512.0,0
1769167717,433.0,236688.0,80469.0,0
1769167717,433.0,236664.0,80483.0,0
1769167717,434.0,236735.0,80487.0,0
1769167717,432.0,236723.0,80503.0,0
1769167717,433.0,236634.0,80499.0,0
1769167717,432.0,236699.0,80502.0,0
1769167717,432.0,236696.0,80481.0,0
1769167717,435.0,236691.0,80489.0,0
1769167717,432.0,236781.0,80481.0,0
1769167717,433.0,236725.0,80500.0,0
1769167717,434.0,236736.0,80484.0,0
1769167717,432.0,236733.0,80497.0,0
1769167717,432.0,236714.0,80514.0,0
1769167717,434.0,236790.0,80510.0,0
1769167717,434.0,236789.0,80522.0,0
1769167717,432.0,236843.0,80508.0,0
1769167717,434.0,236810.0,80534.0,0
1769167717,433.0,236822.0,80503.0,0
1769167717,432.0,236852.0,80536.0,0
1769167717,433.0,236822.0,80543.0,0
1769167717,432.0,236964.0,80503.0,0
1769167717,431.0,236958.0,80532.0,0
1769167717,433.0,236935.0,80556.0,0
1769167717,432.0,236977.0,80557.0,0
1769167717,432.0,237016.0,80536.0,0
1769167717,433.0,236901.0,80529.0,0
1769167717,0.0,236893.0,80533.0,0
1769167717,0.0,236754.0,80474.0,0
1769167717,0.0,236770.0,80499.0,0
1769167717,0.0,236757.0,80489.0,0
1769167717,0.0,236687.0,80494.0,0
1769167717,0.0,236621.0,80470.0,0
1769167717,433.0,236618.0,80466.0,0
1769167717,433.0,236615.0,80500.0,0
1769167718,433.0,236538.0,80467.0,0
1769167718,433.0,236551.0,80454.0,0
1769167718,433.0,236526.0,80464.0,0
1769167718,433.0,236387.0,80478.0,0
1769167718,433.0,236485.0,80446.0,0
1769167718,433.0,236423.0,80442.0,0
1769167718,433.0,236545.0,80459.0,0
1769167718,433.0,236408.0,80477.0,0
1769167718,432.0,236445.0,80479.0,0
1769167718,433.0,236451.0,80427.0,0
1769167718,432.0,236423.0,80441.0,0
1769167718,433.0,236358.0,80468.0,0
1769167718,432.0,236346.0,80444.0,0
1769167718,433.0,236444.0,80420.0,0
1769167718,432.0,236371.0,80462.0,0
1769167718,433.0,236426.0,80435.0,0
1769167718,433.0,0.0,80465.0,0
1769167718,432.0,0.0,80467.0,0
1769167718,433.0,0.0,80433.0,0
1769167718,432.0,0.0,80466.0,0
1769167718,433.0,0.0,80452.0,0
1769167718,433.0,0.0,80476.0,0
1769167718,0.0,236428.0,80429.0,0
1769167718,0.0,236511.0,80471.0,0
1769167718,0.0,236504.0,80464.0,0
1769167718,0.0,236469.0,80462.0,0
1769167718,0.0,236528.0,80477.0,0
1769167718,0.0,236498.0,80472.0,0
1769167718,434.0,236579.0,80475.0,0
1769167718,434.0,236577.0,80483.0,0
1769167718,434.0,236539.0,80468.0,0
1769167718,433.0,236672.0,80460.0,0
1769167718,433.0,236599.0,80490.0,0
1769167718,434.0,236669.0,80463.0,0
1769167718,433.0,236694.0,80463.0,0
1769167718,434.0,236717.0,80494.0,0
1769167718,434.0,236724.0,80491.0,0
1769167718,434.0,236653.0,80468.0,0
1769167718,433.0,236659.0,80467.0,0
1769167718,433.0,236658.0,80448.0,0
1769167718,432.0,236539.0,80449.0,0
1769167718,434.0,236470.0,80447.0,0
1769167718,433.0,236437.0,80445.0,0
1769167718,434.0,236448.0,80434.0,0
1769167718,433.0,236398.0,80399.0,0
1769167718,433.0,236326.0,80425.0,0
1769167718,434.0,236340.0,80406.0,0
1769167718,434.0,236314.0,80424.0,0
1769167718,434.0,236244.0,80391.0,0
1769167718,434.0,236229.0,80399.0,0
1769167718,433.0,236236.0,80417.0,0
1769167718,434.0,236119.0,80408.0,0
1769167718,434.0,236199.0,80374.0,0
1769167718,434.0,236065.0,80420.0,0
1769167718,434.0,236189.0,80390.0,0
1769167718,432.0,236103.0,80393.0,0
1769167718,434.0,236123.0,80397.0,0
1769167718,433.0,236191.0,80381.0,0
1769167718,0.0,0.0,80380.0,0
1769167718,0.0,0.0,80389.0,0
1769167718,0.0,0.0,80379.0,0
1769167718,0.0,0.0,80402.0,0
1769167718,0.0,0.0,80387.0,0
1769167718,0.0,0.0,80378.0,0
1769167718,434.0,236165.0,80402.0,0
1769167718,434.0,236221.0,80397.0,0
1769167718,435.0,236087.0,80386.0,0
1769167718,435.0,236258.0,80397.0,0
1769167718,434.0,236210.0,80398.0,0
1769167718,434.0,236183.0,80412.0,0
1769167718,436.0,236268.0,80425.0,0
1769167719,434.0,236259.0,80413.0,0
1769167719,435.0,236353.0,80396.0,0
1769167719,435.0,236295.0,80393.0,0
1769167719,434.0,236298.0,80414.0,0
1769167719,434.0,236414.0,80430.0,0
1769167719,434.0,0.0,80421.0,0
1769167719,434.0,0.0,80418.0,0
1769167719,435.0,0.0,80439.0,0
1769167719,434.0,0.0,80457.0,0
1769167719,433.0,0.0,80444.0,0
1769167719,435.0,0.0,80422.0,0
1769167719,435.0,236543.0,80464.0,0
1769167719,434.0,236586.0,80443.0,0
1769167719,434.0,236494.0,80433.0,0
1769167719,434.0,236475.0,80445.0,0
1769167719,433.0,236521.0,80392.0,0
1769167719,435.0,236411.0,80420.0,0
1769167719,0.0,236302.0,80406.0,0
1769167719,0.0,236269.0,80368.0,0
1769167719,0.0,236292.0,80375.0,0
1769167719,0.0,236277.0,80386.0,0
1769167719,0.0,236216.0,80378.0,0
1769167719,0.0,236147.0,80372.0,0
1769167719,434.0,236251.0,80387.0,0
1769167719,434.0,236162.0,80349.0,0
1769167719,435.0,236079.0,80340.0,0
1769167719,434.0,236150.0,80362.0,0
1769167719,434.0,236113.0,80358.0,0
1769167719,434.0,236096.0,80387.0,0
1769167719,434.0,236153.0,80373.0,0
1769167719,435.0,236241.0,80395.0,0
1769167719,433.0,236040.0,80380.0,0
1769167719,434.0,236069.0,80358.0,0
1769167719,434.0,236205.0,80386.0,0
1769167719,434.0,236175.0,80376.0,0
1769167719,434.0,0.0,80393.0,0
1769167719,433.0,0.0,80380.0,0
1769167719,434.0,0.0,80366.0,0
1769167719,435.0,0.0,80390.0,0
1769167719,434.0,0.0,80372.0,0
1769167719,434.0,0.0,80385.0,0
1769167719,435.0,236194.0,80377.0,0
1769167719,434.0,236129.0,80381.0,0
1769167719,434.0,236207.0,80394.0,0
1769167719,435.0,236184.0,80341.0,0
1769167719,434.0,236142.0,80383.0,0
1769167719,435.0,236243.0,80382.0,0
1769167719,434.0,236236.0,80397.0,0
1769167719,435.0,236318.0,80395.0,0
1769167719,432.0,236203.0,80398.0,0
1769167719,433.0,236369.0,80383.0,0
1769167719,434.0,236322.0,80404.0,0
1769167719,433.0,236418.0,80393.0,0
1769167719,434.0,236335.0,80416.0,0
1769167719,434.0,236312.0,80404.0,0
1769167719,434.0,236389.0,80402.0,0
1769167719,434.0,236548.0,80426.0,0
1769167719,434.0,236447.0,80425.0,0
1769167719,433.0,236470.0,80414.0,0
1769167719,433.0,236514.0,80419.0,0
1769167719,433.0,236595.0,80424.0,0
1769167719,434.0,236542.0,80446.0,0
1769167719,435.0,236555.0,80433.0,0
1769167720,433.0,236569.0,80422.0,0
1769167720,434.0,236549.0,80400.0,0
1769167720,0.0,0.0,80407.0,0
1769167720,0.0,0.0,80372.0,0
1769167720,0.0,0.0,80354.0,0
1769167720,0.0,0.0,80379.0,0
1769167720,0.0,0.0,80371.0,0
1769167720,0.0,0.0,80390.0,0
1769167720,434.0,236381.0,80373.0,0
1769167720,433.0,236377.0,80385.0,0
1769167720,433.0,236369.0,80373.0,0
1769167720,434.0,236316.0,80356.0,0
1769167720,433.0,236333.0,80374.0,0
1769167720,433.0,236343.0,80356.0,0
1769167720,433.0,236227.0,80396.0,0
1769167720,434.0,236118.0,80376.0,0
1769167720,434.0,236148.0,80375.0,0
1769167720,433.0,236194.0,80362.0,0
1769167720,433.0,236184.0,80369.0,0
1769167720,434.0,236130.0,80368.0,0
1769167720,434.0,236222.0,80338.0,0
1769167720,433.0,236158.0,80382.0,0
1769167720,432.0,236078.0,80379.0,0
1769167720,433.0,236082.0,80373.0,0
1769167720,434.0,236155.0,80351.0,0
1769167720,433.0,236082.0,80366.0,0
1769167720,433.0,0.0,80359.0,0
1769167720,434.0,0.0,80381.0,0
1769167720,434.0,0.0,80376.0,0
1769167720,433.0,0.0,80365.0,0
1769167720,434.0,0.0,80375.0,0
1769167720,434.0,0.0,80354.0,0
1769167720,0.0,236227.0,80363.0,0
1769167720,0.0,236222.0,80388.0,0
1769167720,0.0,236172.0,80394.0,0
1769167720,0.0,236213.0,80400.0,0
1769167720,0.0,236259.0,80413.0,0
1769167720,0.0,236272.0,80389.0,0
1769167720,433.0,236246.0,80405.0,0
1769167720,433.0,236367.0,80387.0,0
1769167720,434.0,236378.0,80409.0,0
1769167720,434.0,236351.0,80396.0,0
1769167720,433.0,236332.0,80422.0,0
1769167720,433.0,236243.0,80399.0,0
1769167720,434.0,236383.0,80397.0,0
1769167720,433.0,236488.0,80405.0,0
1769167720,435.0,236429.0,80417.0,0
1769167720,433.0,236438.0,80428.0,0
1769167720,433.0,236527.0,80433.0,0
1769167720,433.0,236550.0,80390.0,0
1769167720,434.0,236472.0,80410.0,0
1769167720,433.0,236541.0,80400.0,0
1769167720,434.0,236396.0,80405.0,0
1769167720,434.0,236318.0,80363.0,0
1769167720,433.0,236360.0,80352.0,0
1769167720,433.0,236252.0,80390.0,0
1769167720,433.0,236251.0,80365.0,0
1769167720,432.0,236176.0,80340.0,0
1769167720,433.0,236164.0,80356.0,0
1769167720,433.0,236107.0,80366.0,0
1769167720,433.0,236157.0,80346.0,0
1769167720,434.0,236007.0,80366.0,0
1769167720,433.0,235961.0,80368.0,0
1769167721,433.0,235922.0,80332.0,0
1769167721,434.0,235922.0,80337.0,0
1769167721,434.0,235917.0,80310.0,0
1769167721,432.0,235851.0,80310.0,0
1769167721,433.0,235832.0,80331.0,0
1769167721,433.0,235820.0,80323.0,0
1769167721,434.0,235758.0,80319.0,0
1769167721,433.0,235795.0,80342.0,0
1769167721,433.0,235757.0,80329.0,0
1769167721,433.0,235755.0,80315.0,0
1769167721,433.0,235642.0,80308.0,0
1769167721,433.0,235746.0,80307.0,0
1769167721,433.0,235704.0,80298.0,0
1769167721,433.0,235729.0,80305.0,0
1769167721,432.0,235666.0,80319.0,0
1769167721,433.0,235668.0,80311.0,0
1769167721,433.0,235625.0,80286.0,0
1769167721,432.0,0.0,80315.0,0
1769167721,432.0,0.0,80311.0,0
1769167721,432.0,0.0,80316.0,0
1769167721,432.0,0.0,80310.0,0
1769167721,433.0,0.0,80310.0,0
1769167721,433.0,0.0,80296.0,0
1769167721,433.0,235733.0,80300.0,0
1769167721,432.0,235728.0,80318.0,0
1769167721,433.0,235670.0,80339.0,0
1769167721,433.0,235686.0,80312.0,0
1769167721,431.0,235709.0,80315.0,0
1769167721,431.0,235728.0,80342.0,0
1769167721,432.0,235773.0,80333.0,0
1769167721,434.0,235713.0,80349.0,0
1769167721,432.0,235740.0,80316.0,0
1769167721,431.0,235803.0,80347.0,0
1769167721,433.0,235789.0,80341.0,0
1769167721,432.0,235853.0,80355.0,0
1769167721,432.0,235838.0,80314.0,0
1769167721,432.0,235867.0,80340.0,0
1769167721,432.0,235880.0,80346.0,0
1769167721,431.0,235893.0,80369.0,0
1769167721,432.0,235953.0,80338.0,0
1769167721,432.0,235898.0,80349.0,0
1769167721,432.0,0.0,80317.0,0
1769167721,432.0,0.0,80291.0,0
1769167721,432.0,0.0,80281.0,0
1769167721,432.0,0.0,80306.0,0
1769167721,432.0,0.0,80262.0,0
1769167721,432.0,0.0,80225.0,0
1769167721,434.0,235884.0,80281.0,0
1769167721,433.0,235799.0,80274.0,0
1769167721,433.0,235781.0,80276.0,0
1769167721,433.0,235679.0,80268.0,0
1769167721,431.0,235584.0,80236.0,0
1769167721,432.0,235545.0,80239.0,0
1769167721,432.0,235464.0,80232.0,0
1769167721,433.0,235453.0,80247.0,0
1769167721,432.0,235475.0,80236.0,0
1769167721,432.0,235358.0,80223.0,0
1769167721,431.0,235339.0,80205.0,0
1769167721,432.0,235236.0,80205.0,0
1769167721,432.0,235062.0,80224.0,0
1769167721,432.0,235142.0,80217.0,0
1769167721,432.0,234954.0,80216.0,0
1769167721,431.0,235045.0,80204.0,0
1769167722,433.0,234944.0,80201.0,0
1769167722,432.0,234923.0,80185.0,0
1769167722,432.0,235019.0,80212.0,0
1769167722,433.0,234981.0,80177.0,0
1769167722,432.0,234895.0,80225.0,0
1769167722,433.0,234967.0,80196.0,0
1769167722,432.0,234921.0,80213.0,0
1769167722,432.0,234947.0,80208.0,0
1769167722,434.0,234922.0,80204.0,0
1769167722,433.0,234937.0,80178.0,0
1769167722,432.0,234942.0,80199.0,0
1769167722,434.0,234929.0,80208.0,0
1769167722,432.0,235020.0,80188.0,0
1769167722,431.0,234968.0,80179.0,0
1769167722,432.0,235030.0,80234.0,0
1769167722,432.0,235072.0,80213.0,0
1769167722,432.0,235055.0,80218.0,0
1769167722,433.0,235104.0,80200.0,0
1769167722,431.0,235057.0,80226.0,0
1769167722,432.0,235109.0,80216.0,0
1769167722,433.0,235175.0,80235.0,0
1769167722,431.0,235206.0,80213.0,0
1769167722,433.0,235157.0,80237.0,0
1769167722,432.0,235170.0,80220.0,0
1769167722,432.0,235202.0,80249.0,0
1769167722,432.0,235196.0,80232.0,0
1769167722,433.0,235268.0,80258.0,0
1769167722,432.0,235325.0,80264.0,0
1769167722,433.0,235295.0,80243.0,0
1769167722,433.0,235344.0,80248.0,0
1769167722,433.0,235400.0,80241.0,0
1769167722,433.0,235432.0,80231.0,0
1769167722,433.0,235341.0,80262.0,0
1769167722,432.0,235362.0,80211.0,0
1769167722,432.0,235345.0,80198.0,0
1769167722,434.0,235179.0,80208.0,0
1769167722,433.0,235143.0,80200.0,0
1769167722,432.0,235108.0,80192.0,0
1769167722,432.0,0.0,80172.0,0
1769167722,432.0,0.0,80188.0,0
1769167722,434.0,0.0,80188.0,0
1769167722,433.0,0.0,80172.0,0
1769167722,432.0,0.0,80174.0,0
1769167722,433.0,0.0,80152.0,0
1769167722,434.0,234820.0,80170.0,0
1769167722,431.0,234769.0,80135.0,0
1769167722,433.0,234776.0,80160.0,0
1769167722,433.0,234690.0,80161.0,0
1769167722,432.0,234697.0,80161.0,0
1769167722,433.0,234686.0,80162.0,0
1769167722,434.0,0.0,80151.0,0
1769167722,432.0,0.0,80168.0,0
1769167722,433.0,0.0,80155.0,0
1769167722,433.0,0.0,80161.0,0
1769167722,432.0,0.0,80140.0,0
1769167722,432.0,0.0,80137.0,0
1769167722,434.0,234704.0,80166.0,0
1769167722,433.0,234654.0,80137.0,0
1769167722,432.0,234699.0,80152.0,0
1769167722,432.0,234706.0,80167.0,0
1769167722,433.0,234656.0,80161.0,0
1769167722,432.0,234742.0,80171.0,0
1769167722,0.0,234654.0,80161.0,0
1769167723,0.0,234703.0,80164.0,0
1769167723,0.0,234849.0,80162.0,0
1769167723,0.0,234785.0,80200.0,0
1769167723,0.0,234736.0,80173.0,0
1769167723,0.0,234831.0,80198.0,0
1769167723,434.0,234803.0,80182.0,0
1769167723,431.0,234912.0,80204.0,0
1769167723,433.0,234829.0,80215.0,0
1769167723,433.0,234902.0,80185.0,0
1769167723,432.0,234931.0,80224.0,0
1769167723,433.0,234954.0,80224.0,0
1769167723,434.0,234889.0,80186.0,0
1769167723,432.0,234951.0,80226.0,0
1769167723,433.0,234996.0,80211.0,0
1769167723,433.0,235025.0,80212.0,0
1769167723,433.0,235047.0,80231.0,0
1769167723,432.0,235094.0,80225.0,0
1769167723,433.0,235088.0,80260.0,0
1769167723,433.0,235205.0,80253.0,0
1769167723,432.0,235016.0,80206.0,0
1769167723,433.0,235016.0,80202.0,0
1769167723,432.0,235062.0,80203.0,0
1769167723,432.0,235026.0,80204.0,0
1769167723,432.0,234894.0,80194.0,0
1769167723,431.0,234851.0,80170.0,0
1769167723,432.0,234837.0,80176.0,0
1769167723,432.0,234766.0,80186.0,0
1769167723,432.0,234784.0,80149.0,0
1769167723,432.0,234766.0,80187.0,0
1769167723,433.0,234803.0,80180.0,0
1769167723,433.0,234705.0,80175.0,0
1769167723,432.0,234689.0,80181.0,0
1769167723,434.0,234625.0,80172.0,0
1769167723,433.0,234745.0,80173.0,0
1769167723,432.0,234642.0,80174.0,0
1769167723,433.0,234631.0,80175.0,0
1769167723,434.0,234697.0,80190.0,0
1769167723,434.0,234695.0,80177.0,0
1769167723,434.0,234691.0,80204.0,0
1769167723,434.0,234648.0,80166.0,0
1769167723,434.0,234701.0,80180.0,0
1769167723,433.0,234707.0,80203.0,0
1769167723,432.0,234641.0,80193.0,0
1769167723,434.0,234703.0,80163.0,0
1769167723,433.0,234704.0,80192.0,0
1769167723,432.0,234708.0,80190.0,0
1769167723,432.0,234687.0,80195.0,0
1769167723,433.0,234749.0,80191.0,0
1769167723,432.0,234680.0,80200.0,0
1769167723,434.0,234806.0,80221.0,0
1769167723,433.0,234734.0,80223.0,0
1769167723,432.0,234801.0,80220.0,0
1769167723,433.0,234771.0,80244.0,0
1769167723,433.0,0.0,80238.0,0
1769167723,432.0,0.0,80226.0,0
1769167723,434.0,0.0,80232.0,0
1769167723,433.0,0.0,80244.0,0
1769167723,433.0,0.0,80268.0,0
1769167723,433.0,0.0,80263.0,0
1769167723,434.0,234962.0,80276.0,0
1769167723,433.0,234964.0,80266.0,0
1769167723,433.0,234896.0,80294.0,0
1769167723,433.0,235063.0,80286.0,0
1769167724,434.0,235019.0,80292.0,0
1769167724,433.0,235084.0,80293.0,0
1769167724,433.0,0.0,80274.0,0
1769167724,432.0,0.0,80293.0,0
1769167724,433.0,0.0,80272.0,0
1769167724,433.0,0.0,80254.0,0
1769167724,434.0,0.0,80255.0,0
1769167724,434.0,0.0,80223.0,0
1769167724,433.0,234932.0,80223.0,0
1769167724,433.0,234845.0,80217.0,0
1769167724,433.0,234815.0,80226.0,0
1769167724,432.0,234814.0,80247.0,0
1769167724,433.0,234752.0,80235.0,0
1769167724,432.0,234715.0,80225.0,0
1769167724,0.0,234755.0,80217.0,0
1769167724,0.0,234683.0,80238.0,0
1769167724,0.0,234689.0,80233.0,0
1769167724,0.0,234716.0,80229.0,0
1769167724,0.0,234691.0,80218.0,0
1769167724,0.0,234682.0,80246.0,0
1769167724,433.0,234708.0,80243.0,0
1769167724,433.0,234619.0,80256.0,0
1769167724,433.0,234661.0,80228.0,0
1769167724,433.0,234669.0,80231.0,0
1769167724,433.0,234580.0,80249.0,0
1769167724,433.0,234612.0,80235.0,0
1769167724,433.0,234642.0,80247.0,0
1769167724,433.0,234595.0,80267.0,0
1769167724,434.0,234607.0,80267.0,0
1769167724,432.0,234612.0,80288.0,0
1769167724,433.0,234673.0,80277.0,0
1769167724,433.0,234624.0,80241.0,0
1769167724,433.0,234639.0,80242.0,0
1769167724,433.0,234645.0,80271.0,0
1769167724,433.0,234645.0,80280.0,0
1769167724,433.0,234646.0,80273.0,0
1769167724,433.0,234745.0,80263.0,0
1769167724,434.0,234758.0,80276.0,0
1769167724,434.0,234741.0,80290.0,0
1769167724,434.0,234831.0,80253.0,0
1769167724,433.0,234818.0,80273.0,0
1769167724,434.0,234830.0,80309.0,0
1769167724,433.0,234782.0,80302.0,0
1769167724,433.0,234852.0,80299.0,0
1769167724,434.0,234856.0,80308.0,0
1769167724,433.0,234921.0,80296.0,0
1769167724,432.0,234888.0,80321.0,0
1769167724,433.0,234999.0,80311.0,0
1769167724,432.0,234972.0,80320.0,0
1769167724,434.0,235002.0,80346.0,0
1769167724,434.0,235085.0,80322.0,0
1769167724,434.0,235134.0,80358.0,0
1769167724,434.0,235032.0,80335.0,0
1769167724,433.0,235023.0,80317.0,0
1769167724,434.0,234988.0,80302.0,0
1769167724,433.0,234884.0,80280.0,0
1769167724,433.0,234840.0,80308.0,0
1769167724,435.0,234899.0,80302.0,0
1769167724,433.0,234772.0,80308.0,0
1769167724,433.0,234807.0,80305.0,0
1769167724,433.0,234754.0,80289.0,0
1769167724,432.0,234780.0,80294.0,0
1769167724,0.0,0.0,80277.0,0
1769167725,0.0,0.0,80301.0,0
1769167725,0.0,0.0,80282.0,0
1769167725,0.0,0.0,80299.0,0
1769167725,0.0,0.0,80300.0,0
1769167725,0.0,0.0,80292.0,0
1769167725,434.0,234659.0,80283.0,0
1769167725,433.0,234672.0,80292.0,0
1769167725,433.0,234684.0,80301.0,0
1769167725,434.0,234648.0,80283.0,0
1769167725,433.0,234623.0,80314.0,0
1769167725,434.0,234604.0,80284.0,0
1769167725,434.0,234661.0,80279.0,0
1769167725,435.0,234662.0,80313.0,0
1769167725,433.0,234606.0,80277.0,0
1769167725,434.0,234607.0,80285.0,0
1769167725,435.0,234670.0,80302.0,0
1769167725,433.0,234571.0,80294.0,0
1769167725,435.0,0.0,80316.0,0
1769167725,434.0,0.0,80315.0,0
1769167725,434.0,0.0,80289.0,0
1769167725,435.0,0.0,80269.0,0
1769167725,434.0,0.0,80290.0,0
1769167725,433.0,0.0,80291.0,0
1769167725,434.0,234650.0,80320.0,0
1769167725,435.0,234717.0,80325.0,0
1769167725,435.0,234637.0,80332.0,0
1769167725,434.0,234684.0,80349.0,0
1769167725,434.0,234712.0,80331.0,0
1769167725,434.0,234687.0,80360.0,0
1769167725,0.0,234751.0,80341.0,0
1769167725,0.0,234787.0,80352.0,0
1769167725,0.0,234733.0,80329.0,0
1769167725,0.0,234801.0,80373.0,0
1769167725,0.0,234802.0,80356.0,0
1769167725,0.0,234846.0,80376.0,0
1769167725,434.0,235012.0,80362.0,0
1769167725,434.0,234978.0,80388.0,0
1769167725,434.0,235067.0,80360.0,0
1769167725,434.0,235053.0,80357.0,0
1769167725,435.0,235000.0,80362.0,0
1769167725,434.0,234900.0,80347.0,0
1769167725,434.0,234926.0,80360.0,0
1769167725,435.0,234847.0,80316.0,0
1769167725,434.0,234856.0,80323.0,0
1769167725,433.0,234817.0,80320.0,0
1769167725,435.0,234784.0,80315.0,0
1769167725,434.0,234751.0,80311.0,0
1769167725,434.0,0.0,80345.0,0
1769167725,435.0,0.0,80315.0,0
1769167725,435.0,0.0,80308.0,0
1769167725,435.0,0.0,80306.0,0
1769167725,433.0,0.0,80288.0,0
1769167725,434.0,0.0,80322.0,0
1769167725,435.0,234670.0,80323.0,0
1769167725,433.0,234742.0,80334.0,0
1769167725,434.0,234649.0,80316.0,0
1769167725,434.0,234696.0,80327.0,0
1769167725,435.0,234681.0,80320.0,0
1769167725,434.0,234610.0,80309.0,0
1769167725,433.0,234670.0,80304.0,0
1769167725,434.0,234611.0,80327.0,0
1769167725,434.0,234680.0,80323.0,0
1769167725,433.0,234676.0,80321.0,0
1769167726,434.0,234669.0,80333.0,0
1769167726,434.0,234710.0,80308.0,0
1769167726,434.0,234694.0,80337.0,0
1769167726,433.0,234710.0,80325.0,0
1769167726,434.0,234770.0,80343.0,0
1769167726,435.0,234714.0,80316.0,0
1769167726,433.0,234722.0,80317.0,0
1769167726,434.0,234751.0,80344.0,0
1769167726,0.0,0.0,80369.0,0
1769167726,0.0,0.0,80335.0,0
1769167726,0.0,0.0,80345.0,0
1769167726,0.0,0.0,80353.0,0
1769167726,0.0,0.0,80378.0,0
1769167726,0.0,0.0,80354.0,0
1769167726,433.0,234890.0,80372.0,0
1769167726,434.0,234811.0,80361.0,0
1769167726,434.0,234903.0,80360.0,0
1769167726,433.0,234846.0,80375.0,0
1769167726,434.0,234965.0,80383.0,0
1769167726,434.0,234967.0,80378.0,0
1769167726,434.0,234996.0,80372.0,0
1769167726,434.0,234921.0,80373.0,0
1769167726,434.0,234872.0,80359.0,0
1769167726,435.0,234736.0,80338.0,0
1769167726,434.0,234830.0,80333.0,0
1769167726,433.0,234770.0,80355.0,0
1769167726,434.0,234714.0,80313.0,0
1769167726,433.0,234694.0,80325.0,0
1769167726,433.0,234660.0,80306.0,0
1769167726,434.0,234627.0,80319.0,0
1769167726,434.0,234729.0,80327.0,0
1769167726,434.0,234566.0,80320.0,0
1769167726,434.0,0.0,80309.0,0
1769167726,433.0,0.0,80317.0,0
1769167726,433.0,0.0,80321.0,0
1769167726,434.0,0.0,80295.0,0
1769167726,433.0,0.0,80311.0,0
1769167726,433.0,0.0,80348.0,0
1769167726,0.0,234680.0,80324.0,0
1769167726,0.0,234546.0,80308.0,0
1769167726,0.0,234511.0,80307.0,0
1769167726,0.0,234539.0,80308.0,0
1769167726,0.0,234505.0,80293.0,0
1769167726,0.0,234481.0,80329.0,0
1769167726,434.0,234596.0,80318.0,0
1769167726,434.0,234503.0,80313.0,0
1769167726,433.0,234541.0,80287.0,0
1769167726,434.0,234511.0,80281.0,0
1769167726,434.0,234544.0,80298.0,0
1769167726,433.0,234494.0,80327.0,0
1769167726,435.0,234513.0,80311.0,0
1769167726,435.0,234452.0,80333.0,0
1769167726,434.0,234441.0,80308.0,0
1769167726,434.0,234535.0,80321.0,0
1769167726,433.0,234569.0,80289.0,0
1769167726,434.0,234577.0,80313.0,0
1769167726,433.0,234637.0,80313.0,0
1769167726,434.0,234562.0,80310.0,0
1769167726,434.0,234543.0,80323.0,0
1769167726,434.0,234694.0,80335.0,0
1769167726,434.0,234637.0,80326.0,0
1769167726,434.0,234623.0,80319.0,0
1769167727,434.0,234731.0,80337.0,0
1769167727,435.0,234691.0,80335.0,0
1769167727,434.0,234753.0,80342.0,0
1769167727,433.0,234737.0,80364.0,0
1769167727,434.0,234814.0,80326.0,0
1769167727,434.0,234653.0,80329.0,0
1769167727,435.0,234800.0,80328.0,0
1769167727,434.0,234677.0,80302.0,0
1769167727,434.0,234612.0,80294.0,0
1769167727,435.0,234581.0,80302.0,0
1769167727,434.0,234461.0,80289.0,0
1769167727,434.0,234461.0,80276.0,0
1769167727,0.0,0.0,80275.0,0
1769167727,0.0,0.0,80276.0,0
1769167727,0.0,0.0,80256.0,0
1769167727,0.0,0.0,80240.0,0
1769167727,0.0,0.0,80270.0,0
1769167727,0.0,0.0,80241.0,0
1769167727,434.0,234149.0,80253.0,0
1769167727,435.0,234030.0,80245.0,0
1769167727,434.0,234088.0,80223.0,0
1769167727,433.0,234061.0,80248.0,0
1769167727,435.0,234038.0,80219.0,0
1769167727,434.0,234049.0,80226.0,0
1769167727,433.0,0.0,80241.0,0
1769167727,434.0,0.0,80245.0,0
1769167727,434.0,0.0,80237.0,0
1769167727,435.0,0.0,80235.0,0
1769167727,435.0,0.0,80220.0,0
1769167727,435.0,0.0,80249.0,0
1769167727,435.0,233787.0,80248.0,0
1769167727,434.0,233909.0,80239.0,0
1769167727,435.0,233824.0,80226.0,0
1769167727,435.0,233855.0,80231.0,0
1769167727,434.0,233834.0,80247.0,0
1769167727,435.0,233856.0,80211.0,0
1769167727,434.0,0.0,80215.0,0
1769167727,434.0,0.0,80207.0,0
1769167727,434.0,0.0,80221.0,0
1769167727,433.0,0.0,80212.0,0
1769167727,434.0,0.0,80221.0,0
1769167727,434.0,0.0,80232.0,0
1769167727,434.0,233834.0,80238.0,0
1769167727,433.0,233808.0,80212.0,0
1769167727,434.0,233795.0,80212.0,0
1769167727,433.0,233849.0,80258.0,0
1769167727,436.0,233835.0,80238.0,0
1769167727,434.0,233895.0,80256.0,0
1769167727,434.0,233924.0,80249.0,0
1769167727,434.0,233972.0,80262.0,0
1769167727,433.0,233937.0,80248.0,0
1769167727,435.0,234002.0,80267.0,0
1769167727,434.0,233989.0,80258.0,0
1769167727,434.0,233991.0,80246.0,0
1769167727,434.0,234038.0,80250.0,0
1769167727,434.0,234008.0,80226.0,0
1769167727,434.0,233891.0,80215.0,0
1769167727,434.0,233848.0,80230.0,0
1769167727,434.0,233775.0,80211.0,0
1769167727,434.0,233685.0,80175.0,0
1769167727,433.0,233618.0,80181.0,0
1769167727,433.0,233519.0,80191.0,0
1769167727,434.0,233555.0,80182.0,0
1769167727,434.0,233393.0,80183.0,0
1769167728,433.0,233357.0,80173.0,0
1769167728,434.0,233343.0,80154.0,0
1769167728,0.0,233294.0,80157.0,0
1769167728,0.0,233269.0,80144.0,0
1769167728,0.0,233204.0,80143.0,0
1769167728,0.0,233282.0,80153.0,0
1769167728,0.0,233209.0,80142.0,0
1769167728,0.0,233180.0,80160.0,0
1769167728,434.0,233244.0,80157.0,0
1769167728,434.0,233102.0,80167.0,0
1769167728,433.0,233137.0,80144.0,0
1769167728,435.0,233206.0,80150.0,0
1769167728,433.0,233125.0,80158.0,0
1769167728,434.0,233124.0,80163.0,0
1769167728,434.0,233142.0,80156.0,0
1769167728,435.0,233119.0,80163.0,0
1769167728,434.0,233139.0,80163.0,0
1769167728,433.0,233163.0,80165.0,0
1769167728,434.0,233083.0,80118.0,0
1769167728,434.0,233118.0,80175.0,0
1769167728,433.0,233103.0,80158.0,0
1769167728,433.0,233124.0,80162.0,0
1769167728,434.0,233119.0,80142.0,0
1769167728,434.0,233155.0,80174.0,0
1769167728,434.0,233220.0,80159.0,0
1769167728,434.0,233208.0,80181.0,0
1769167728,433.0,0.0,80171.0,0
1769167728,433.0,0.0,80186.0,0
1769167728,433.0,0.0,80173.0,0
1769167728,434.0,0.0,80178.0,0
1769167728,434.0,0.0,80178.0,0
1769167728,432.0,0.0,80187.0,0
1769167728,434.0,233357.0,80198.0,0
1769167728,434.0,233367.0,80213.0,0
1769167728,432.0,233400.0,80210.0,0
1769167728,435.0,233451.0,80219.0,0
1769167728,433.0,233397.0,80233.0,0
1769167728,434.0,233490.0,80215.0,0
1769167728,434.0,233533.0,80202.0,0
1769167728,434.0,233512.0,80198.0,0
1769167728,434.0,233464.0,80215.0,0
1769167728,433.0,233418.0,80157.0,0
1769167728,434.0,233283.0,80200.0,0
1769167728,432.0,233242.0,80187.0,0
1769167728,434.0,233222.0,80167.0,0
1769167728,433.0,233164.0,80157.0,0
1769167728,433.0,233115.0,80152.0,0
1769167728,432.0,233057.0,80156.0,0
1769167728,432.0,233086.0,80150.0,0
1769167728,434.0,233038.0,80130.0,0
1769167728,432.0,233035.0,80143.0,0
1769167728,433.0,232967.0,80145.0,0
1769167728,432.0,232936.0,80171.0,0
1769167728,433.0,232899.0,80128.0,0
1769167728,433.0,232843.0,80140.0,0
1769167728,433.0,232880.0,80118.0,0
1769167728,434.0,232889.0,80127.0,0
1769167728,433.0,232906.0,80149.0,0
1769167728,432.0,232883.0,80168.0,0
1769167728,433.0,232884.0,80135.0,0
1769167728,433.0,232831.0,80159.0,0
1769167728,434.0,232814.0,80135.0,0
1769167729,432.0,232893.0,80147.0,0
1769167729,433.0,232871.0,80169.0,0
1769167729,432.0,232859.0,80170.0,0
1769167729,433.0,232885.0,80144.0,0
1769167729,433.0,232839.0,80157.0,0
1769167729,434.0,232826.0,80134.0,0
1769167729,0.0,0.0,80157.0,0
1769167729,0.0,0.0,80155.0,0
1769167729,0.0,0.0,80155.0,0
1769167729,0.0,0.0,80179.0,0
1769167729,0.0,0.0,80153.0,0
1769167729,0.0,0.0,80178.0,0
1769167729,433.0,233010.0,80191.0,0
1769167729,434.0,233064.0,80180.0,0
1769167729,433.0,233069.0,80172.0,0
1769167729,434.0,233079.0,80204.0,0
1769167729,433.0,233111.0,80212.0,0
1769167729,433.0,233089.0,80216.0,0
1769167729,434.0,233102.0,80217.0,0
1769167729,434.0,233152.0,80202.0,0
1769167729,434.0,233221.0,80208.0,0
1769167729,434.0,233264.0,80198.0,0
1769167729,433.0,233266.0,80204.0,0
1769167729,433.0,233244.0,80196.0,0
1769167729,433.0,233220.0,80207.0,0
1769167729,433.0,233224.0,80202.0,0
1769167729,434.0,233090.0,80162.0,0
1769167729,433.0,233086.0,80159.0,0
1769167729,434.0,232946.0,80157.0,0
1769167729,434.0,232955.0,80156.0,0
1769167729,432.0,232985.0,80143.0,0
1769167729,432.0,232978.0,80149.0,0
1769167729,434.0,232922.0,80116.0,0
1769167729,431.0,232841.0,80168.0,0
1769167729,434.0,232920.0,80153.0,0
1769167729,434.0,232867.0,80142.0,0
1769167729,434.0,232833.0,80170.0,0
1769167729,434.0,232815.0,80156.0,0
1769167729,433.0,232865.0,80133.0,0
1769167729,435.0,232834.0,80154.0,0
1769167729,433.0,232850.0,80159.0,0
1769167729,434.0,232881.0,80149.0,0
1769167729,434.0,232879.0,80168.0,0
1769167729,433.0,232871.0,80163.0,0
1769167729,433.0,232867.0,80161.0,0
1769167729,433.0,232899.0,80159.0,0
1769167729,434.0,232841.0,80149.0,0
1769167729,433.0,232820.0,80171.0,0
1769167729,434.0,0.0,80187.0,0
1769167729,433.0,0.0,80158.0,0
1769167729,434.0,0.0,80200.0,0
1769167729,432.0,0.0,80197.0,0
1769167729,433.0,0.0,80191.0,0
1769167729,434.0,0.0,80187.0,0
1769167729,433.0,232933.0,80202.0,0
1769167729,433.0,232860.0,80209.0,0
1769167729,434.0,232942.0,80224.0,0
1769167729,434.0,232971.0,80221.0,0
1769167729,434.0,232957.0,80217.0,0
1769167729,434.0,232925.0,80227.0,0
1769167729,433.0,232981.0,80219.0,0
1769167729,434.0,232980.0,80234.0,0
1769167729,433.0,233006.0,80225.0,0
1769167729,434.0,233087.0,80249.0,0
1769167729,433.0,233092.0,80244.0,0
1769167729,434.0,233090.0,80239.0,0
1769167729,433.0,233342.0,80223.0,0
1769167729,433.0,233347.0,80234.0,0
1769167729,433.0,233421.0,80275.0,0
1769167729,433.0,233394.0,80280.0,0
1769167729,434.0,233378.0,80274.0,0
1769167729,434.0,233395.0,80243.0,0
1769167729,434.0,233293.0,80235.0,0
1769167729,433.0,233326.0,80194.0,0
1769167729,434.0,233173.0,80211.0,0
1769167729,432.0,233173.0,80214.0,0
1769167729,433.0,233132.0,80191.0,0
1769167729,434.0,233056.0,80184.0,0
1769167729,0.0,0.0,80204.0,0
1769167729,0.0,0.0,80228.0,0
1769167729,0.0,0.0,80197.0,0
1769167730,0.0,0.0,80181.0,0
1769167730,0.0,0.0,80192.0,0
1769167730,0.0,0.0,80199.0,0
1769167730,433.0,232964.0,80175.0,0
1769167730,434.0,232978.0,80210.0,0
1769167730,433.0,233009.0,80205.0,0
1769167730,433.0,232974.0,80228.0,0
1769167730,434.0,232978.0,80181.0,0
1769167730,433.0,232989.0,80199.0,0
1769167730,433.0,233044.0,80188.0,0
1769167730,433.0,233061.0,80192.0,0
1769167730,433.0,233040.0,80207.0,0
1769167730,434.0,232993.0,80215.0,0
1769167730,433.0,232977.0,80207.0,0
1769167730,434.0,233062.0,80188.0,0
1769167730,432.0,233082.0,80213.0,0
1769167730,434.0,233006.0,80210.0,0
1769167730,434.0,233032.0,80229.0,0
1769167730,433.0,233061.0,80252.0,0
1769167730,433.0,233058.0,80217.0,0
1769167730,434.0,233067.0,80232.0,0
1769167730,434.0,233087.0,80241.0,0
1769167730,433.0,233155.0,80244.0,0
1769167730,434.0,233147.0,80232.0,0
1769167730,434.0,233212.0,80228.0,0
1769167730,433.0,233220.0,80250.0,0
1769167730,434.0,233214.0,80253.0,0
1769167730,433.0,233206.0,80256.0,0
1769167730,434.0,233263.0,80240.0,0
1769167730,434.0,233261.0,80257.0,0
1769167730,434.0,233289.0,80247.0,0
1769167730,432.0,233333.0,80269.0,0
1769167730,434.0,233276.0,80264.0,0
1769167730,434.0,233351.0,80279.0,0
1769167730,432.0,233365.0,80271.0,0
1769167730,433.0,233410.0,80271.0,0
1769167730,433.0,233438.0,80275.0,0
1769167730,434.0,233415.0,80246.0,0
1769167730,433.0,233377.0,80247.0,0
1769167730,432.0,233303.0,80222.0,0
1769167730,433.0,233250.0,80219.0,0
1769167730,433.0,233190.0,80229.0,0
1769167730,432.0,233180.0,80232.0,0
1769167730,433.0,233227.0,80220.0,0
1769167730,434.0,233077.0,80217.0,0
1769167730,434.0,233115.0,80203.0,0
1769167730,434.0,233160.0,80218.0,0
1769167730,433.0,233058.0,80221.0,0
1769167730,434.0,233111.0,80207.0,0
1769167730,434.0,233004.0,80206.0,0
1769167730,433.0,233034.0,80194.0,0
1769167730,433.0,233101.0,80186.0,0
1769167730,433.0,233106.0,80214.0,0
1769167730,433.0,233098.0,80203.0,0
1769167730,433.0,233034.0,80213.0,0
1769167730,432.0,233087.0,80215.0,0
1769167730,433.0,233028.0,80217.0,0
1769167730,434.0,233076.0,80203.0,0
1769167730,432.0,232957.0,80201.0,0
1769167730,434.0,233021.0,80209.0,0
1769167730,433.0,233026.0,80187.0,0
1769167730,433.0,233056.0,80199.0,0
1769167730,434.0,233051.0,80204.0,0
1769167730,434.0,233009.0,80223.0,0
1769167730,434.0,233048.0,80201.0,0
1769167730,434.0,233046.0,80209.0,0
1769167730,433.0,233114.0,80215.0,0
1769167730,434.0,233143.0,80219.0,0
1769167730,433.0,233203.0,80183.0,0
1769167730,434.0,233255.0,80208.0,0
1769167730,434.0,233143.0,80197.0,0
1769167730,434.0,233198.0,80198.0,0
1769167730,434.0,233205.0,80231.0,0
1769167730,434.0,233220.0,80243.0,0
1769167730,433.0,233237.0,80245.0,0
1769167730,434.0,0.0,80229.0,0
1769167730,433.0,0.0,80237.0,0
1769167730,433.0,0.0,80221.0,0
1769167730,434.0,0.0,80265.0,0
1769167730,434.0,0.0,80219.0,0
1769167730,435.0,0.0,80242.0,0
1769167730,433.0,233377.0,80239.0,0
1769167730,433.0,233377.0,80256.0,0
1769167730,434.0,233501.0,80260.0,0
1769167730,432.0,233451.0,80241.0,0
1769167730,434.0,233531.0,80269.0,0
1769167730,435.0,233453.0,80240.0,0
1769167730,434.0,233405.0,80211.0,0
1769167730,434.0,233305.0,80222.0,0
1769167730,433.0,233313.0,80204.0,0
1769167730,434.0,233261.0,80192.0,0
1769167730,433.0,233240.0,80171.0,0
1769167730,433.0,233138.0,80170.0,0
1769167730,434.0,233161.0,80204.0,0
1769167730,434.0,233181.0,80190.0,0
1769167730,433.0,233134.0,80198.0,0
1769167730,433.0,233132.0,80177.0,0
1769167730,433.0,233120.0,80195.0,0
1769167730,433.0,233062.0,80181.0,0
1769167730,433.0,232976.0,80184.0,0
1769167731,433.0,232963.0,80155.0,0
1769167731,432.0,232960.0,80177.0,0
1769167731,433.0,233003.0,80181.0,0
1769167731,431.0,233066.0,80170.0,0
1769167731,433.0,232912.0,80136.0,0
1769167731,432.0,0.0,80182.0,0
1769167731,433.0,0.0,80167.0,0
1769167731,434.0,0.0,80133.0,0
1769167731,431.0,0.0,80164.0,0
1769167731,433.0,0.0,80150.0,0
1769167731,433.0,0.0,80130.0,0
1769167731,433.0,232962.0,80146.0,0
1769167731,433.0,233012.0,80156.0,0
1769167731,433.0,232920.0,80142.0,0
1769167731,433.0,232878.0,80142.0,0
1769167731,432.0,232986.0,80173.0,0
1769167731,432.0,232975.0,80162.0,0
1769167731,433.0,232993.0,80158.0,0
1769167731,434.0,232989.0,80178.0,0
1769167731,432.0,232984.0,80143.0,0
1769167731,433.0,233008.0,80152.0,0
1769167731,432.0,233124.0,80160.0,0
1769167731,433.0,233013.0,80139.0,0
1769167731,432.0,233042.0,80151.0,0
1769167731,433.0,233088.0,80149.0,0
1769167731,434.0,233056.0,80169.0,0
1769167731,432.0,233108.0,80148.0,0
1769167731,432.0,233135.0,80186.0,0
1769167731,433.0,233131.0,80155.0,0
1769167731,432.0,233179.0,80175.0,0
1769167731,433.0,233139.0,80184.0,0
1769167731,433.0,233271.0,80174.0,0
1769167731,433.0,233211.0,80170.0,0
1769167731,432.0,233183.0,80183.0,0
1769167731,432.0,233264.0,80170.0,0
1769167731,434.0,233250.0,80175.0,0
1769167731,434.0,233237.0,80148.0,0
1769167731,433.0,233214.0,80150.0,0
1769167731,434.0,233110.0,80113.0,0
1769167731,433.0,233046.0,80099.0,0
1769167731,434.0,233042.0,80104.0,0
1769167731,432.0,233058.0,80101.0,0
1769167731,432.0,232966.0,80115.0,0
1769167731,433.0,232880.0,80091.0,0
1769167731,432.0,232827.0,80115.0,0
1769167731,433.0,232855.0,80106.0,0
1769167731,434.0,232877.0,80090.0,0
1769167731,432.0,232825.0,80076.0,0
1769167731,432.0,232809.0,80077.0,0
1769167731,433.0,232699.0,80103.0,0
1769167731,432.0,232713.0,80067.0,0
1769167731,432.0,232726.0,80076.0,0
1769167731,432.0,232775.0,80081.0,0
1769167731,432.0,232720.0,80078.0,0
1769167731,433.0,232740.0,80065.0,0
1769167731,434.0,232753.0,80099.0,0
1769167731,433.0,232594.0,80059.0,0
1769167731,433.0,232658.0,80078.0,0
1769167731,432.0,232671.0,80062.0,0
1769167731,434.0,232577.0,80097.0,0
1769167731,434.0,232641.0,80049.0,0
1769167731,433.0,232628.0,80083.0,0
1769167731,434.0,232579.0,80093.0,0
1769167731,433.0,232562.0,80076.0,0
1769167731,433.0,232720.0,80043.0,0
1769167731,432.0,232637.0,80113.0,0
1769167732,433.0,232606.0,80079.0,0
1769167732,433.0,232646.0,80084.0,0
1769167732,432.0,232739.0,80076.0,0
1769167732,434.0,232741.0,80083.0,0
1769167732,433.0,232704.0,80085.0,0
1769167732,433.0,232712.0,80065.0,0
1769167732,431.0,232643.0,80088.0,0
1769167732,434.0,232696.0,80109.0,0
1769167732,432.0,232715.0,80113.0,0
1769167732,433.0,232735.0,80087.0,0
1769167732,434.0,232728.0,80098.0,0
1769167732,434.0,232744.0,80104.0,0
1769167732,433.0,232784.0,80095.0,0
1769167732,434.0,232776.0,80102.0,0
1769167732,433.0,232796.0,80098.0,0
1769167732,433.0,232836.0,80114.0,0
1769167732,434.0,232840.0,80108.0,0
1769167732,434.0,232881.0,80132.0,0
1769167732,433.0,232959.0,80152.0,0
1769167732,432.0,232890.0,80122.0,0
1769167732,433.0,232971.0,80126.0,0
